{"cameraMode":{"drawMode":0,"name":"Shaded","section":"Shading Mode"},"sceneLighting":true,"audioPlay":false,"sceneViewState":{"showFog":true,"showMaterialUpdate":false,"showSkybox":true,"showFlares":true,"showImageEffects":true,"showParticleSystems":true},"in2DMode":false,"pivot":{"x":6.456891059875488,"y":3.217987537384033,"z":-1.2128620147705079},"rotation":{"x":0.0021740354131907226,"y":0.9867994785308838,"z":-0.16158901154994965,"w":0.013309299014508725},"size":25.229297637939454,"orthographic":false}