{"cameraMode":{"drawMode":0,"name":"Shaded","section":"Shading Mode"},"sceneLighting":false,"audioPlay":false,"sceneViewState":{"showFog":true,"showMaterialUpdate":false,"showSkybox":true,"showFlares":true,"showImageEffects":true,"showParticleSystems":true},"in2DMode":false,"pivot":{"x":12.223954200744629,"y":47.10956573486328,"z":6.874142169952393},"rotation":{"x":0.12089082598686218,"y":0.024996502324938775,"z":-0.0031808761414140465,"w":0.9924430847167969},"size":53.25660705566406,"orthographic":false}