{"cameraMode":{"drawMode":0,"name":"Shaded","section":"Shading Mode"},"sceneLighting":true,"audioPlay":false,"sceneViewState":{"showFog":true,"showMaterialUpdate":false,"showSkybox":true,"showFlares":true,"showImageEffects":true,"showParticleSystems":true},"in2DMode":false,"pivot":{"x":12.939990043640137,"y":39.06228256225586,"z":11.037820816040039},"rotation":{"x":0.0003020656295120716,"y":0.1752290278673172,"z":-0.00007043456571409479,"w":0.984595537185669},"size":33.5643310546875,"orthographic":false}