{"cameraMode":{"drawMode":0,"name":"Shaded","section":"Shading Mode"},"sceneLighting":false,"audioPlay":false,"sceneViewState":{"showFog":true,"showMaterialUpdate":false,"showSkybox":true,"showFlares":true,"showImageEffects":true,"showParticleSystems":true},"in2DMode":false,"pivot":{"x":345.3859558105469,"y":7.223968505859375,"z":97.24163818359375},"rotation":{"x":0.27515631914138796,"y":0.09754759818315506,"z":-0.028186721727252008,"w":0.956142008304596},"size":244.6387481689453,"orthographic":false}