{"cameraMode":{"drawMode":0,"name":"Shaded","section":"Shading Mode"},"sceneLighting":false,"audioPlay":false,"sceneViewState":{"showFog":true,"showMaterialUpdate":false,"showSkybox":true,"showFlares":true,"showImageEffects":true,"showParticleSystems":true},"in2DMode":false,"pivot":{"x":7.650443077087402,"y":58.788673400878909,"z":22.223041534423829},"rotation":{"x":0.1636800765991211,"y":0.06032950058579445,"z":-0.010098401457071305,"w":0.9847242832183838},"size":86.38914489746094,"orthographic":false}