{"cameraMode":{"drawMode":0,"name":"Shaded","section":"Shading Mode"},"sceneLighting":true,"audioPlay":false,"sceneViewState":{"showFog":true,"showMaterialUpdate":false,"showSkybox":true,"showFlares":true,"showImageEffects":true,"showParticleSystems":true},"in2DMode":false,"pivot":{"x":10.876425743103028,"y":44.99070358276367,"z":1.811920166015625},"rotation":{"x":0.05934096500277519,"y":0.1749100238084793,"z":-0.010582809336483479,"w":0.982807457447052},"size":57.156272888183597,"orthographic":false}