{"cameraMode":{"drawMode":0,"name":"Shaded","section":"Shading Mode"},"sceneLighting":false,"audioPlay":false,"sceneViewState":{"showFog":true,"showMaterialUpdate":false,"showSkybox":true,"showFlares":true,"showImageEffects":true,"showParticleSystems":true},"in2DMode":false,"pivot":{"x":34.351966857910159,"y":10.420440673828125,"z":144.05149841308595},"rotation":{"x":0.14173544943332673,"y":0.016025032848119737,"z":-0.0024121685419231655,"w":0.9898954033851624},"size":225.8872833251953,"orthographic":false}