{"cameraMode":{"drawMode":0,"name":"Shaded","section":"Shading Mode"},"sceneLighting":false,"audioPlay":false,"sceneViewState":{"showFog":true,"showMaterialUpdate":false,"showSkybox":false,"showFlares":true,"showImageEffects":true,"showParticleSystems":true},"in2DMode":false,"pivot":{"x":9.390000343322754,"y":11.899999618530274,"z":-7.129090309143066},"rotation":{"x":0.0007702951552346349,"y":0.9983845949172974,"z":-0.013788389973342419,"w":0.055451650172472},"size":3.556671380996704,"orthographic":false}