{"cameraMode":{"drawMode":0,"name":"Shaded","section":"Shading Mode"},"sceneLighting":false,"audioPlay":false,"sceneViewState":{"showFog":true,"showMaterialUpdate":false,"showSkybox":true,"showFlares":true,"showImageEffects":true,"showParticleSystems":true},"in2DMode":false,"pivot":{"x":21.73868179321289,"y":-21.915332794189454,"z":135.27346801757813},"rotation":{"x":0.13135266304016114,"y":-0.0032826403621584179,"z":0.00032382941571995616,"w":0.9914527535438538},"size":145.63633728027345,"orthographic":false}