{"cameraMode":{"drawMode":0,"name":"Shaded","section":"Shading Mode"},"sceneLighting":false,"audioPlay":false,"sceneViewState":{"showFog":true,"showMaterialUpdate":false,"showSkybox":true,"showFlares":true,"showImageEffects":true,"showParticleSystems":true},"in2DMode":false,"pivot":{"x":82.47206115722656,"y":32.443084716796878,"z":204.71861267089845},"rotation":{"x":0.029558120295405389,"y":0.10000058263540268,"z":-0.0030674184672534467,"w":0.9946640133857727},"size":297.82269287109377,"orthographic":false}