{"cameraMode":{"drawMode":0,"name":"Shaded","section":"Shading Mode"},"sceneLighting":true,"audioPlay":false,"sceneViewState":{"showFog":true,"showMaterialUpdate":false,"showSkybox":true,"showFlares":true,"showImageEffects":true,"showParticleSystems":true},"in2DMode":false,"pivot":{"x":-11.142410278320313,"y":27.93052101135254,"z":114.06143951416016},"rotation":{"x":-0.009309746325016022,"y":-0.005717707797884941,"z":0.000055547461670357734,"w":-0.9999909400939941},"size":188.0736083984375,"orthographic":false}