{"cameraMode":{"drawMode":0,"name":"Shaded","section":"Shading Mode"},"sceneLighting":true,"audioPlay":false,"sceneViewState":{"showFog":true,"showMaterialUpdate":false,"showSkybox":true,"showFlares":true,"showImageEffects":true,"showParticleSystems":true},"in2DMode":false,"pivot":{"x":6.456891059875488,"y":3.217987537384033,"z":-1.2128620147705079},"rotation":{"x":-0.008896400220692158,"y":0.9765064716339111,"z":-0.2115160971879959,"w":-0.04105021804571152},"size":35.590599060058597,"orthographic":false}