{"cameraMode":{"drawMode":0,"name":"Shaded","section":"Shading Mode"},"sceneLighting":false,"audioPlay":false,"sceneViewState":{"showFog":true,"showMaterialUpdate":false,"showSkybox":true,"showFlares":true,"showImageEffects":true,"showParticleSystems":true},"in2DMode":false,"pivot":{"x":102.77294158935547,"y":36.39666748046875,"z":204.50198364257813},"rotation":{"x":0.07290591299533844,"y":0.21345528960227967,"z":-0.016074273735284807,"w":0.9742184281349182},"size":380.92779541015627,"orthographic":false}