{"cameraMode":{"drawMode":0,"name":"Shaded","section":"Shading Mode"},"sceneLighting":false,"audioPlay":false,"sceneViewState":{"showFog":true,"showMaterialUpdate":false,"showSkybox":true,"showFlares":true,"showImageEffects":true,"showParticleSystems":true},"in2DMode":false,"pivot":{"x":345.3859558105469,"y":7.223968505859375,"z":97.24163818359375},"rotation":{"x":0.3561667203903198,"y":0.14324475824832917,"z":-0.05546731874346733,"w":0.921832799911499},"size":740.30322265625,"orthographic":false}