{"cameraMode":{"drawMode":0,"name":"Shaded","section":"Shading Mode"},"sceneLighting":false,"audioPlay":false,"sceneViewState":{"showFog":true,"showMaterialUpdate":false,"showSkybox":true,"showFlares":true,"showImageEffects":true,"showParticleSystems":true},"in2DMode":false,"pivot":{"x":345.3859558105469,"y":7.223968505859375,"z":97.24163818359375},"rotation":{"x":0.25736570358276369,"y":0.2993471622467041,"z":-0.08431481570005417,"w":0.9150273203849793},"size":955.7056884765625,"orthographic":false}