{"cameraMode":{"drawMode":0,"name":"Shaded","section":"Shading Mode"},"sceneLighting":false,"audioPlay":false,"sceneViewState":{"showFog":true,"showMaterialUpdate":false,"showSkybox":true,"showFlares":true,"showImageEffects":true,"showParticleSystems":true},"in2DMode":false,"pivot":{"x":10.723663330078125,"y":17.677001953125,"z":3.6666007041931154},"rotation":{"x":0.03922625631093979,"y":0.21826867759227754,"z":-0.00884475652128458,"w":0.9751683473587036},"size":78.18656158447266,"orthographic":false}